상표,구분,이름,주소
sk,공장,공장,울산 고사동 110
sk,저유소,군산물류센터,전북 군산시 소룡동 1-27
sk,저유소,대구물류센터,대구 동구 내곡동 340
sk,저유소,대전(경질유),대전 동구 신상동 220-2
sk,저유소,대전(중질유),대전 대덕구 와동 105
sk,저유소,동해물류센터,강원 동해시 구호동 288
sk,저유소,마산물류센터,경남 마산시 합포구 가포동 602
sk,저유소,목포물류센터,전남 영암군 삼호면 난전리 1685-11
sk,저유소,서울물류센터,경기 과천시 주암동 110-1
sk,저유소,영남물류센터,부산 영도구 창학1동 330-1
sk,저유소,원주물류센터,강원 원주시 호저면 만종리 1107-2
sk,저유소,인천(항동),인천 중구 항동 7가 108
sk,저유소,전주물류센터,전북 익산시 촌포면 쌍정리 254-5
sk,저유소,제주물류센터,제주 제주시 일도2동 233-1
sk,저유소,춘천물류센터,강원 춘천시 퇴계동 865-2
sk,저유소,포항물류센터,경북 포항시 송도동 산 1-73
sk,저유소,호남물류센터,광주 광산구 하남동 503-1
sk,대리점,(유)경남가스현풍(하)주유소,대구광역시 달성군 현풍면 성하리 329
sk,대리점,(유)청정실업,부산광역시 사상구 학장동 194-18
sk,대리점,(유)청정실업 직영 푸른충전소,경남 김해시삼계동 923-2
sk,대리점,(유)청정실업직영 석전가스충전소,경남 마산시 내서읍 중리 1119-18
sk,대리점,(유)한샘,충남 서산시 석림동 436-2
sk,대리점,(유)흥진유화,전남 여수시 화양면 창무리 303-2번지
sk,대리점,(이천)우성LPG충전소,경기도 이천시 부발읍 신원리 558-54
sk,대리점,(자)유한가스,대전광역시 중구 중촌동 198-1
sk,대리점,(주) 중앙에너비스 삼중가스,서울시 금천구 독산2동 1059
sk,대리점,(주)가야유통 장유고속충전소,경남 김해시 장유면 부곡리 53-1
sk,대리점,(주)건화 화림충전소,경기도 포천군 소홀읍 이동교리 562-1
sk,대리점,(주)고속도로관리공단 홍성(상),충남 홍성군 은하면 금국리 292-4
sk,대리점,(주)교하에너지,경기도 파주시 교하읍 당하리 303
sk,대리점,(주)그린피아충전소,경기도 과천시 갈현동 313-7
sk,대리점,(주)남양가스,서울시 양천구 신월동 998-4
sk,대리점,(주)남영전구 충주(하) 주유소,충북 충주시 가금면 용전리 산50-3
sk,대리점,(주)당진엘피지,충남 당진군 당진읍 원당리 957-5
sk,대리점,(주)대전개인택시충전소,대전광역시 중구 안영동 280
sk,대리점,(주)대창E&T 직영 국일충전소,광주광역시 북구 두암동 352-1
sk,대리점,(주)대흥가스,서울시 양천구 신월동 131-7
sk,대리점,(주)동일로가스,서울시 노원구 상계동 1034-1
sk,대리점,(주)모정테크,경기도 양주시 율정동 527-2
sk,대리점,(주)비행장에너지,경기도 수원시 권선구 대황교동 259-12
sk,대리점,(주)삼건사 정읍(상)휴게소,전북 정읍시 북면 남산리 산20-5
sk,대리점,(주)삼원에너지,경기도 구리시 아천동 97-3
sk,대리점,(주)삼전(명성충전소),경기도 고양시 벽제동 229
sk,대리점,(주)상현상사,서울시 강남구 논현동 207
sk,대리점,(주)서강이엔,경기도 고양시 덕양구 덕은동 557-7
sk,대리점,(주)승진에너지거창담양방향주유소,경남 거창군 가조면 도리 산 181
sk,대리점,(주)시흥에너지,경기도 시흥시 월곶동 765-1
sk,대리점,(주)안국상사,서울 중구 충무로 4가 87
sk,대리점,(주)언양남강에너지,울산광역시 울주군 언양읍 태기리 686-3
sk,대리점,(주)영동가스,서울시 서초구 잠원동 1-126
sk,대리점,(주)와이이에스 자유로충전소,경기도 고양시 덕양구 행주외동 27
sk,대리점,(주)용암엘피지충전소,경기도 양주시 은현면 용암리 267-4
sk,대리점,(주)웃는사람들 군위(하),경북 군위군 군위읍 오곡리 445-2
sk,대리점,(주)원일유통 춘천상충전소,강원도 춘천시 동내면 사암리 산 123-2
sk,대리점,(주)장위가스,서울시 성북구 장위동 44-3
sk,대리점,(주)진양가스,서울시 강남구 도곡동 552-5
sk,대리점,(주)청담산업,경기도 파주시 교하읍 문발리 280-10 202호
sk,대리점,(주)태종에너지 영도충전소,부산광역시 영도구 영선동 4가 7-1
sk,대리점,(주)한스글로벌,대전광역시 서구 정림동 8-28
sk,대리점,(주)한유에너지 공항가스,경기도 부천시 오정구 고강동 218-6
sk,대리점,(주)한유에너지 수지충전소,경기도 용인시 기흥구 보정동 474-9
sk,대리점,(주)한진가스,경기도 용인시 처인구 삼가동 250-7
sk,대리점,(주)홍릉가스,서울시 동대문구 청량리동 205-776
sk,대리점,(주)희망가스,경기도 수원시 팔달구 우만동 241
sk,대리점,(합)대신에너지 연산충전소,충남 논산시 연산면 청동리 259-28
sk,대리점,(합)한성가스,인천광역시 남동구 간석동 617-8
sk,대리점,39아산주유소,충남 아산시염치읍 서원리 293-3
sk,대리점,OK LPG충전소,충남 부여군 부여읍 가탑리 188-5
sk,대리점,SK네트웍스,서울 양천구 목2동 114-1
sk,대리점,SK영강LPG충전소,경북 문경 산양면 반곡리 636-3
sk,대리점,㈜건화,경기 포천군 소흘읍 이동교리 563-4
sk,대리점,㈜공항석유,서울시 강서구 공항동 18-78 범천빌딩
sk,대리점,㈜공항석유 가평휴게서(춘천방향),경기도 가평군 설악면 미사리 149
sk,대리점,㈜공항석유 가평휴게소(서울방향),경기도 가평군 설악면 미사리 64-28
sk,대리점,㈜대광석유,전북 전주시 덕진구 서노송동 658-22
sk,대리점,㈜대창E&T,광주 서구 치평동 1217
sk,대리점,㈜아스탑,서울시 강서구 방화동 829 오피앙2오피스텔 917호
sk,대리점,㈜월드에너지,"인천시 계양구 계산동 1081-4,5 유연프라자 605호"
sk,대리점,㈜전북광유,전북 익산시 평화동 236-2
sk,대리점,㈜중앙에너비스,서울 용산구 한남동 707-55
sk,대리점,㈜진주광유,경남 진주시 상평동 165-1
sk,대리점,㈜풍원석유,서울시 종로구 신문로1가 고려빌딩 411호
sk,대리점,㈜한유에너지,서울 관악구 봉천동 1679-21 번지
sk,대리점,㈜한유에너지,서울 관악구 행운동 1679-30
sk,대리점,㈜해월에너지,경기도 수원시 영통구 원천동 294-1
sk,대리점,가나다가스충전소,충남 부여군 부여읍 석목리 131-1
sk,대리점,가나안LPG충전소,충북 괴산군 증평읍 연탄리 508-2
sk,대리점,간월LPG충전소,충남 서산시부석면 창리 262-10
sk,대리점,강경가스충전소,충남 논산시 강경읍 채산리 549-10
sk,대리점,경기충전소,경기도 수원시 권선구 서둔동 79-13
sk,대리점,경북광유 보문충전소,경북 경주시 천군동 206-13
sk,대리점,경북광유(주)단지주유소,경북 포항시 동촌동 1011-1
sk,대리점,경북광유(주)달구벌충전소,대구광역시 동구 방촌동 919-7
sk,대리점,경북광유(주)신도시충전소,경북 김천시 신음동 1043-4
sk,대리점,경북광유㈜,대구 중구 동인동 2가 25
sk,대리점,경북광유㈜,대구 중구 동인동2가 25
sk,대리점,경산주유소,경북 경산 진량면 신상리 995-3
sk,대리점,경양석유㈜,경남 마산시 회원구 봉암동 374
sk,대리점,경일석유(주) 동서울주유소,경기도 하남시 천현동 181-20
sk,대리점,계룡산업(주)덕유산(하)충전소,전북 장수군 계북면 양악리 394-2
sk,대리점,고려OK충전소,경기도 김포시 양촌면 누산리 295-3
sk,대리점,고속충전소,충남 천안시 성환읍 신가리 68-4
sk,대리점,광동LPG충전소,경기도 하남시 망월동 575-1
sk,대리점,광릉LPG충전소,경기도 포천시 내촌면 음현리 598-6
sk,대리점,광명충전소,경기도 용인시 처인구 이동면 송전리 169-5
sk,대리점,광신개발(주),경남 창원시 대원동 73
sk,대리점,광신개발(주)직영 케이에스충전소,경남 창원시 동정동 산 55-2
sk,대리점,광신개발㈜직영우성LPG로트,경남 창녕군 영산면 죽사리 1097
sk,대리점,광신석유㈜,부산 북구 구포2동
sk,대리점,광신석유㈜,부산 북구 구포2동 1097-10
sk,대리점,광장LPG충전소,경기도 안성시 일죽면 월정리 718-19
sk,대리점,괴산(상)충전소,충북 괴산군 장연면 오가리 293-2
sk,대리점,국제가스공업(주),서울시 강북구 수유동 48-23
sk,대리점,궁내동가스충전소,경기도 성남시 분당구 궁내동 204-4
sk,대리점,극동가스충전소,"제주도 제주시 일도 2동 357-17,18"
sk,대리점,극동실업(주),경기도 광명시 하안동 501-6
sk,대리점,극동에너지,경기도 안산시 단원구 선부동 1015
sk,대리점,금산LPG(가스)충전소,충남 금산군 금산읍 신대리 644-1
sk,대리점,금오충전소,경기도 의정부시 금오동 93-1
sk,대리점,기린에너지,서울시 영등포구 양평동4가 158 159-1
sk,대리점,기산충전소,경기도 평택시 현덕면 기산리 산9-3
sk,대리점,김포가스합자회사,경기도 김포시 운양동 1026-2
sk,대리점,김포강변충전소,경기도 김포시 월곶면 포내리 26-2
sk,대리점,남강(상)충전소,경남 함안군 군북면 박곡리 1022
sk,대리점,남광석유㈜,경남 창원시 팔용동 19-1번지
sk,대리점,남부LPG충전소,충남 천안시청당동 281
sk,대리점,남부중앙충전소,경북 경산시 옥산동 185-3
sk,대리점,남부충전소,서울시 구로구 구로3동 1123-2
sk,대리점,남성주충전소,경북 성주군 용암면 본리리 428
sk,대리점,남수원충전소,경기도 수원시 권선구 권선동 877-12
sk,대리점,남척석유㈜,경남 진주시 주약동 108-1
sk,대리점,뉴타운충전소,경기도 화성시 비봉면 양노리 637-7
sk,대리점,당진IC충전소,충남 당진군 송악면 광명리 236-37
sk,대리점,대광LPG충전소,전북 전주시 색장동 857-6
sk,대리점,대기가스(주),경기도 성남시 수정구 신흥동 6917
sk,대리점,대신EDI㈜,서울 서초구 반포동 67-3
sk,대리점,대양석유㈜,울산시 북구 신천동 426번지
sk,대리점,대양제1충전소,울산광역시 남구 여천동 1110-7
sk,대리점,대양제2충전소,울산광역시 남구 무거동 1283
sk,대리점,대양충전소,울산광역시 북구 신천동 442-2
sk,대리점,대영가스 강서충전소,서울시 강서구 마곡동 25-2
sk,대리점,대영가스충전소,충북 영동군 영동읍 주곡리 451-9
sk,대리점,대원석유㈜,경북 안동시 수상동 241-3
sk,대리점,대원케미칼,서울시 성동구 행당동 76-2
sk,대리점,대잠충전소,경북 포항시 남구 상도동 453-3
sk,대리점,대천(하),충남 보령시 주교면 주교리 산 117-1
sk,대리점,대천가스충전소,충남 보령시 요암동 76-2
sk,대리점,대황교LPG충전소,경기도 수원 권선구 대황교동 33-7
sk,대리점,대흥에너지산업(주),서울시 강서구 화곡동 898-7
sk,대리점,덕소마석간충전소,경기도 남양주시 와부읍 월문리 402-2
sk,대리점,덕인에너지,경기도 양주시 회천군 덕계리 711-3
sk,대리점,도원LPG충전소,경기도 평택시 도일동 992
sk,대리점,독립운수가스충전소,충남 천안시 두정동 25-12
sk,대리점,동륭케미칼,서울시 서초구 방배동 983-10
sk,대리점,동명(상),경북 칠곡군 동명면 가천리 60
sk,대리점,동방석유㈜,부산 동구 범일동 830-77
sk,대리점,동서LPG충전소,경기도 오산시 서동 202-4
sk,대리점,동아석유㈜,서울 성북구 종암동 3-545
sk,대리점,동아에너지,경기도 평택시 동삭동 357-11
sk,대리점,동양에너지,경기도 용인시 이동면 시미리 146
sk,대리점,동일석유㈜,서울 강남구 대치동 50-8
sk,대리점,동주충전소,서울시 동작구 대방동 334
sk,대리점,라인45충전소,경기도 평택시 팽성읍 남산리 218-8
sk,대리점,맘모스충전소,충남 천안시 백석동 11-17
sk,대리점,망향충전소,충남 천안시 성거읍 요방리 123-2
sk,대리점,명품상사(주)명품주유소,충북 음성군 감곡면 문촌리 64-11
sk,대리점,모정제2주유소충전소,경기도 양주시 은현면 선암리 171-3
sk,대리점,목감IC충전소,경기도 시흥시 목감동 112-5
sk,대리점,목동충전소,"서울시 양천구 신정4동 994-3,4"
sk,대리점,문화가스,부산광역시 동구 초량3동 1149-3
sk,대리점,미래충전소,경기도 화성시 향남면 관리 259-9
sk,대리점,부천충전소,경기도 부천시 오정구 삼정동 67-7
sk,대리점,북수원그린충전소,경기도 수원시 장안구 파장동 130
sk,대리점,삼미상사(주)일산제일충전소,경기도 고양시 일산동구 성석동 1305-4
sk,대리점,삼미상사㈜,서울 동대문구 신설동 117-21
sk,대리점,삼보유화㈜,경기도 안양시 동안구 관양동 1594 평촌아크로팰리스 504호
sk,대리점,삼성유통 양산상 충전소,경남 양산시 동면 내송리 산 85-18
sk,대리점,삼영LPG충전소,대전광역시 중구 중촌동 193-1
sk,대리점,삼호에너지(주) 강변충전소,경기도 양평군 옥천면 옥천리 934
sk,대리점,삼호에너지(주) 서파충전소,경기도 포천군 내촌면 신팔리 91-1
sk,대리점,삼호에너지㈜,서울 강남구 청담동 93-11 KOON B/D 4F
sk,대리점,삼화석유(주)늘푸른자동차충전소,제주도 제주시 용담2동 2643-1
sk,대리점,삼화석유㈜,제주 제주시 용담 2동 2643-1
sk,대리점,상리충전소,경기도 화성시 봉담읍 상리 464-6
sk,대리점,서곡충전소,전북 전주시 효자동 3가 산24-1
sk,대리점,서광에너지,충남 천안시 성거읍 요방리 228-15
sk,대리점,서대구IC충전소,대구광역시 서구 이현동 42-420
sk,대리점,서울석유 덕소충전소,경기도 남양주시 이패동 413-13
sk,대리점,서울석유 상계충전소,서울시 노원구 중계동 515-5
sk,대리점,서울석유㈜,서울 중구 장충동 1가 37-11
sk,대리점,서초에너지㈜,서울시 서초구 방배동 623-5
sk,대리점,선산충전소(상),경북 구미시 옥성면 대원리 31-3
sk,대리점,선산충전소(하),경북 구미시 옥성면 덕촌리 산1-1
sk,대리점,설문제2충전소,경기도 포천시 소홀읍 이동교리 386-1
sk,대리점,성석동충전소,경기도 고양시 일산구 성석동 522-52
sk,대리점,성하에너지,인천광역시 서구 가좌동 173-117
sk,대리점,세류역LPG충전소,경기도 수원시 권선구 권선동 897-3
sk,대리점,세왕LPG 충전소,충남 보령시 화산동 547-28
sk,대리점,소향LPG충전소,충남 홍성군 홍성읍 소향리 381-1
sk,대리점,속리산주유소,충북 보은군 마로면 적암리 180
sk,대리점,송추충전소,경기도 양주시 장흥면 울대리 320-4
sk,대리점,송파장식(주)여산(하)주유소,전북 익산시 여산면 호산리 220
sk,대리점,송현충전소,경기도 성남시 수정구 태평동 7149
sk,대리점,수운충전소,충남 당진군 정미면 대운산리 691-28
sk,대리점,수일가스,경기도 수원시 권선구 고색동 173-2
sk,대리점,신갈자동차충전소,경기도 용인시 구성면 보정리 614-6
sk,대리점,신길충전소,경기도 안산시 단원구 신길동 216-269
sk,대리점,신바람충전소,충북 청주시 흥덕구 화계동 58-1
sk,대리점,신성에너지(주),서울시 노원구 공릉동 529-13
sk,대리점,신안충전소,경기도 안양시 동안구 호계동 1028-7
sk,대리점,신평엘피지충전소,충남 당진군 신평면 거산리 363-1
sk,대리점,신포충전소,경남 마산시 합포구 신포동 1가 35-1
sk,대리점,신한에너지㈜,경기도 고양시 일산동구 설문동 606
sk,대리점,신흥에너지산업(주),서울시 은평구 증산동 223-9
sk,대리점,아화만남충전소,경북 경주시 서면 아화리 716-8
sk,대리점,안국석유산업㈜,서울 중구 충무로 4가 87
sk,대리점,안성제일충전소,경기도 안성시 대덕면 소현리 297-1
sk,대리점,양지LPG충전소,경기도 용인 처인구 양지면 양지리 787
sk,대리점,에너지뱅크,인천광역시 서구 당하동 840-1
sk,대리점,엔에이치유통 고인돌하주유소,전북 고창 신림 벽송리 557-10
sk,대리점,영일충전소,충남 당진군 당진읍 용연리 911-2
sk,대리점,오곡동충전소,서울시 강서구 오곡동 699-14
sk,대리점,오송가스충전소,충남 공주시 주미동 13-3
sk,대리점,용인하충전소,경기도 용인시 양지면 주북리 958-6
sk,대리점,우성LPG충전소,경기도 수원시 권선구 서둔동 9-28
sk,대리점,우정LPG충전소,충남 천안시 목천읍 신계리 88-37
sk,대리점,원강충전소,경기도 의왕시 고천동 207-1
sk,대리점,원일충전소,경기도 의왕시 학의동 185-1
sk,대리점,유인가스충전소,인천광역시 서구 경서동 124-70
sk,대리점,이인(상)충전소,충남 공주시 이인면 이인리 3-6외
sk,대리점,이천충전소,경기도 이천시 관고동 125-1
sk,대리점,이코노오일㈜,서울시 양천구 목동 907 현대월드타워 2223호
sk,대리점,인성산업㈜,서울 영등포구 영등포동7가 94-46
sk,대리점,일산충전소,경기도 고양시 일산동구 식사동 832번지
sk,대리점,일우공영(주)옥계충전소,강원도 강릉시 옥계면 도직리 126-8
sk,대리점,자유로충전소,경기도 고양시 일산서구 법곳동 1240-1
sk,대리점,재향군인회신탄진(상)주유소,대전광역시 대덕구 상서동 236-1
sk,대리점,점보가스충전소,인천광역시 서구 가좌 4동 287-10
sk,대리점,제일가스충전소,충남 서천군 마서면 도삼리 548
sk,대리점,제천IC충전소,충북 제천시 왕암동 400-1
sk,대리점,주식회사 다우피앤지 직영죽암주유소,충북 청원군 현도면 선동리 산33-1
sk,대리점,주식회사 대교산청(상)휴게소,경남 산청군 단성면 방목리 산 71-7
sk,대리점,주안역엘피지충전소,인천광역시 남구 주안1동 239-1
sk,대리점,지산LPG충전소,경기도 평택시 지산동 448-5
sk,대리점,지상충전소,경기도 화성시 팔탄면 지월리 산 63
sk,대리점,진천가스충전소,충북 진천군 진천읍 성석리 478-2
sk,대리점,창진가스,경기도 수원시 권선구 오목천동 740-2
sk,대리점,천안삼거리주유소,충남 천안시 구성동 155-5
sk,대리점,청남충전소,충북 청주시 흥덕구 미평동 10-9
sk,대리점,청도(상),경북 청도군 청도읍 거연리 산 293-2
sk,대리점,청도(하),경북 청도군 청도읍 거연리 산 885
sk,대리점,청우에너지,경기도 화성시 팔탄면 창곡리 437-4외2
sk,대리점,청주개인택시엘피지충전소(주),충북 청주시 흥덕구 미평동 320-1
sk,대리점,청천LPG충전소,인천광역시 부평구 청천동 67-30
sk,대리점,추풍령(하),경북 김천시 봉산면 광천리 693
sk,대리점,충북석유㈜,충북 청주시 북문로 3가 41
sk,대리점,치악(부산방향)주유소,강원도 원주시 신림면 금창리 500
sk,대리점,치악(춘천방향)주유소,강원도 원주시 신림면 금창리 500
sk,대리점,코끼리충전소,경기도 화성시 마도면 두곡리 487-7
sk,대리점,태남석유㈜,서울 중구 회현동 3가 11-3
sk,대리점,파주가스충전소,충북 진천군 덕산면 합목리 250-6
sk,대리점,평동LPG충전소,충북 단양군 매포읍 평동 4리 172
sk,대리점,평창(하)주유소,강원도 평창군 용평면 이목정리 778
sk,대리점,평택LPG충전소,경기도 평택시 합정동 83-1
sk,대리점,포동가스충전소,경기도 시흥시 하중동 343-1
sk,대리점,포천LPG충전소,경기도 포천군 영북면 야미리 254-1
sk,대리점,포항충전소,경북 포항시 대잠동 33B-5L
sk,대리점,한국광유(주)제2항구주유소,경북 포항시 북구 항구동 97-14
sk,대리점,한국광유㈜,대구 달서구 죽전동 273-6
sk,대리점,한국석유공업㈜,서울 용산구 이촌동 302-79
sk,대리점,한국특수유(주) 중부주유소,충남 연기군 조치원읍 번암동 189-3
sk,대리점,한길LPG충전소,"경기도 여주군 가남면 태평리 268-11,12"
sk,대리점,한석상사,경기도 부천시 오정구 삼정동24-1
sk,대리점,한양에너지(주),서울시 광진구 중곡동 237-8
sk,대리점,함양(상)충전소,경남 함양군 지곡면 보산리 278-6
sk,대리점,함평휴게소,전남 함평군 손불면 죽암리 29-1
sk,대리점,행담도(상),충남 당진군 신평면 매산리 산 1-28
sk,대리점,행담도(하),충남 당진군 신평면 매산리 산 1-28
sk,대리점,홍성(하),충남 홍성군 은하면 금국리 292-3
sk,대리점,화도에너지,경기도 남양주시 화도읍 월산리 358
sk,대리점,화성주유소(충전소),경기도 화성시 조암읍 한각리 228-1
sk,대리점,황금엘피지충전소,충남 논산시 강산동 289
sk,대리점,황금충전소,서울시 중랑구 중화2동 208-11
gs,공장,공장윤활유,인천광역시 서구 원창동 382-2
gs,공장,공장윤활유,인천광역시 중구 북성동 1가 97-4
gs,공장,"정유, PP, Aromatics",전남 여수시 월내동 1056
gs,저유소,광주물류센터,광주 광산구 하남동 502
gs,저유소,군산물류센터,전북 군산시 소룡동 11-13
gs,저유소,대구물류센터,경북 경산시 하양읍 남하리 450
gs,저유소,대전물류센터,대전 서구 가수원동 547-28
gs,저유소,동해물류센터,강원 동해시 구호동 227
gs,저유소,목포물류센터,전남 영암군 삼호면 나불리 330-1
gs,저유소,부산물류센터,부산 남구 감만1동 254-13
gs,저유소,서귀포물류센터,제주 서귀포시 서귀동 783-9
gs,저유소,인천물류센터,인천 중구 북성동 1가 97-4
gs,저유소,전주물류센터,전북 김제시 용지면 부교리 173-2
gs,저유소,제주물류센터,제주 제주시 건입동 849
gs,저유소,제천물류센터,충북 제천시 고암동 597-1
gs,저유소,창원물류센터,"경남 창원시 신촌동 62-2, 64-15"
gs,저유소,포항물류센터,경북 포항시 남구 송도동 253-55
gs,대리점,(유) 순천개인택시충전소,전라남도 순천시 서면 압곡리 630
gs,대리점,(유)경진에너지 경진LPG충전소,전남 여수시 소라면 덕양리 산102
gs,대리점,(유)남동진에너지,광주시 광산구 우산동 626
gs,대리점,(유)대영에너지,전라남도 구례군 용방면 죽정리 362
gs,대리점,(유)유일산업 익산IC마지막충전,전라북도 익산시 덕기동 382
gs,대리점,(유)전주에너지,전북 전주시 덕진구 팔복1동 282-2
gs,대리점,(유)제철엘피지충전소,전남 광양시 마동 167-11
gs,대리점,(유)첨단그린빌리지 충전소,전라남도 보성군 벌교읍 척령리 277-3
gs,대리점,(유)청기와가스 충전소,광주광역시 서구 화정동 134-9
gs,대리점,(유)청기와에너지 신태인,전라북도 정읍시 신태인읍 신덕리 95
gs,대리점,(유)청기와에너지 장흥,전라남도 장흥군 안양면 기산리 687-9
gs,대리점,(유)평화에너지,전라남도 해남군 계곡면 반계리 산 41-1
gs,대리점,(유)한국충전소,전북 완주군 봉동읍 구만리 146
gs,대리점,(유한)동아가스충전소,경상남도 사천시 노룡동 449-1
gs,대리점,(전주)공단충전소,전라북도 완주군 삼레읍 신탁리 301
gs,대리점,(정읍)공단LPG충전소,전라북도 정읍시 북면 승부리 363-2
gs,대리점,(주) 삼립식품황전(순천방향)주,전남 순천시 황전면 선변리 560-8
gs,대리점,(주) 에이치앤디이 서울만남의,서울시 서초구 원지동 10-16
gs,대리점,(주) 지탑 신공주 충전소,충청남도 공주시 우성면 신웅리 219
gs,대리점,(주)고서엘피지충전소,전라남도 담양군 고서면 보촌리 278-2
gs,대리점,(주)고신통상여주충전소,경기도 여주군 가남면 본두리 670-2
gs,대리점,(주)광동유통단양(하)주유소,충청북도 단양군 단성면 하방리 56
gs,대리점,(주)금성가스,전라남도 목포시 산정동 1422-22
gs,대리점,(주)녹색에너지,"부산광역시 동구 좌천1동 68-876, 68-877"
gs,대리점,(주)다원 연곡LPG충전소,강원도 강릉시 연곡면 동덕리 616-4
gs,대리점,(주)대영에너지,충청북도 음성군 음성읍 읍내리 783-3
gs,대리점,(주)대영에너지(휴게소),충청북도 음성군 대소면 삼정리 136-2
gs,대리점,(주)대전개인택시충전소,대전광역시 대덕구 상서동 450
gs,대리점,(주)대지석유갈마LPG충전소,경기도 광주시 삼동 265-4
gs,대리점,(주)대호에너지,경기도 용인시 기흥읍 영덕리 104-6
gs,대리점,(주)대호에너지 선감충전소,경기도 안산시 단원구 선감동 683-4
gs,대리점,(주)덕양에너지,경상남도 마산시 두척동 290-2
gs,대리점,(주)덕양에너지 직영 칠원충전소,경상남도 함안군 칠원면 구성리 210
gs,대리점,(주)동양충전소,경기도 김포시 대곶면 대명리 390-8
gs,대리점,(주)비에프이앤디 사노충전소,경기도 구리시 사노동 29
gs,대리점,(주)삼보-삼보가스충전소,부산광역시 북구 만덕동 436-2
gs,대리점,(주)삼표에너지 김포충전소,서울특별시 강서구 오쇠동 150-5
gs,대리점,(주)삼표에너지 수색충전소,서울특별시 은평구 증산동 223-15
gs,대리점,(주)상암에너지,경기도 고양시 덕양구 덕은동 425-97
gs,대리점,(주)서원 문경(하)충전소,경상북도 문경시 유곡동 466번지
gs,대리점,(주)소모홀딩스엔테크놀러지성암,광주광역시 남구 송화동 258-10
gs,대리점,(주)쓰리원 강릉(상) 충전소,강원도 강릉시 성산면 보광리 139
gs,대리점,(주)쓰리원 강릉(하) 충전소,강원도 강릉시 성산면 보광리 120
gs,대리점,(주)연합진흥 고성공룡나라(하남,경남 고성군 대가면 신전리 67
gs,대리점,(주)오일유업경춘LPG충전소,경기도 가평군 가평읍 상색리 280
gs,대리점,(주)와이엔제이 에너지,전라북도 군산시 성산면 고봉리 172-6
gs,대리점,(주)우진엘피지산업 우진충전소,전라북도 남원시 어현동 599
gs,대리점,(주)유니 충전소,충청남도 서산시 잠홍동 산57
gs,대리점,(주)이엠석유 함안(부산방향),경남 함안군 군북면 유현리 993-6
gs,대리점,(주)정우에너지,울산광역시 울주군 범서읍 입암리 997-1
gs,대리점,(주)한미석유직영유방동lpg충전,경기도 용인시 처인구 유방동 502-1
gs,대리점,(주)협동엘피지스타충전소,충청남도 천안시 성성동 411-5
gs,대리점,21세기가스충전소,전라남도 목포시 산정동 1417-5
gs,대리점,GS서귀포충전소,"제주특별자치도 서귀포시 법환동 26,26-1"
gs,대리점,GS춘천 충전소,강원도 춘천시 근화동 794-1
gs,대리점,KTX 충전소,충남 아산시 배방면 장재리 1196-1
gs,대리점,SC㈜,부산시 중구 영주1동 556-4
gs,대리점,SJ오일㈜,전북 군산시 장미동 46
gs,대리점,SJ오일㈜-서울지사,서울시 영등포구 여의도동 10-1
gs,대리점,STX에너지,경기도 파주시 파주읍 봉암리988-2
gs,대리점,㈜ 남영전구 충주(상) 충전소,충청북도 충주시 가금면 용전리 380-4
gs,대리점,㈜ 중부에너지 신동 충전소,강원도 춘천시 신동면 팔미리 861-112
gs,대리점,㈜KR산업 경주(하)휴게소,경상북도 경주시 내남면 월산리 1114-3 외 3필지
gs,대리점,㈜가스코 유정충전소,강원 춘천시 신동면 증리 179-8
gs,대리점,㈜그린에너지,경기 고양시 덕양구 원당동 233
gs,대리점,㈜금륜에너지 삼성가스,부산 기장군 일광면 삼성리 512-9
gs,대리점,㈜녹색에너지 범일영업소,부산광역시 동구 범일동 252
gs,대리점,㈜대양충전소,경기도 군포시 금정동 1-49
gs,대리점,㈜대전개인택시제3충전소 동대전,대전광역시 대덕구 오정동 432-1
gs,대리점,㈜대지가스삼산충전소,인천 부평구 삼산동 106-43
gs,대리점,㈜대현유통 홍천강(하)주유소,강원도 홍천군 북방면 소매곡리 294
gs,대리점,㈜대현하이웨이 동명하충전소,경상북도 칠곡군 동명면 가천리 85-2
gs,대리점,㈜대호석유 평사충전소,경상북도 경산시 진량읍 평사리 65-2
gs,대리점,㈜동구에너지 강서충전소,부산시 강서구 대저1동 1748-3
gs,대리점,㈜동구에너지 두동충전소,경남 진해시 두동 1297-2
gs,대리점,㈜동일가스,광주광역시 광산구 월전동 139-4
gs,대리점,㈜문수가스충전소,울산광역시 울주군 웅촌면 대복리 55
gs,대리점,㈜백광소재 서산(하)충전소,충청남도 서산시 해미면 삼송리 119
gs,대리점,㈜부일이앤이,부산시 기장군 장안읍 좌천리 497-2
gs,대리점,㈜블루에너지,경기도 송탄시 장안동 241-1
gs,대리점,㈜삼립식품 김천(부산방향)충전,경북 김천시 농소면 신촌리 730-2
gs,대리점,㈜삼립식품 진주(부산방향)충전,경상남도 진주시 호탄동 382외 62필지
gs,대리점,㈜삼립식품 황전(전주방향)주유,전남 순천시 황전면 선변리 595-6
gs,대리점,㈜삼융만남의충전소,충남 천안시 서북구 직산읍 군서리 293-2외
gs,대리점,㈜삼표에너지,서울시 은평구 증산동 223-15
gs,대리점,㈜새한강에너지,경기 양평군 옥천면 옥천리 931-2
gs,대리점,㈜서호유류판매 동행충전소,경기도 파주시 교하읍 교하리 70-14외
gs,대리점,㈜소모석유,경기도 용인시 기흥구 보정동 1278 죽전크린주유소 內
gs,대리점,㈜소모석유 우정충전소,경기도 화성시 우정읍 이화리 179-26
gs,대리점,㈜소모석유 칠곡충전소,경기도 안성시 원곡면 칠곡리 613
gs,대리점,㈜소모석유뉴양주충전소,경기도 양주시 남면 매곡리 58-1
gs,대리점,㈜소모홀딩스엔테크놀러지분당충,경기도 성남시 분당구 구미동 194
gs,대리점,㈜소모홀딩스엔테크놀러지현대충,광주광역시 남구 주월동 957-30
gs,대리점,㈜아이피 호평충전소,경기 남양주시 호평동 23-26
gs,대리점,㈜영진에너지,전라남도 영광군 영광읍 녹사리 69-3
gs,대리점,㈜운화가스충전소,울산광역시 울주군 온양읍 운화리 212
gs,대리점,㈜원산가스ENG,경기 안산시 상록구 월피동 466-4
gs,대리점,㈜유성티엔에스 서여주(마산방향,경기도 여주군 능서면 매류리 1-6
gs,대리점,㈜유성티엔에스 서여주(양평방향,경기도 여주군 능서면 매류리 1-14
gs,대리점,㈜조이에너지 광혜원충전소,충청북도 진천군 광혜원면 광혜원리 710-4
gs,대리점,㈜창원충전소 극동충전소,경상남도 마산시 회원구 석전동 260-1
gs,대리점,㈜청정희망찬충전소,전남 광양시 성황동 567
gs,대리점,㈜케이알산업,충청남도 금산군 군북면 외부리 721-3
gs,대리점,㈜케이알산업,충청북도 청원군 옥산면 사정리 449-7외3
gs,대리점,㈜티엔에프하이웨이충전소,경상남도 밀양시 산내면 송백 1060-5
gs,대리점,㈜한길에너지,전남 장성군 남면 삼태리 521-26
gs,대리점,㈜한길에너지 가현충전소,강원도 원주시 가현동 369-7
gs,대리점,㈜한미석유,서울시 서초구 서초동 1536-15 서초꽃마을주유소 3층
gs,대리점,㈜해성에너지 공룡LPG충전소,경남 고성군 회화면 남해안대로 4029
gs,대리점,㈜해연,부산광역시 금정구 회동동 164
gs,대리점,㈜휴세코 일산지점,경기도 고양시 일산서구 덕이동304-4
gs,대리점,갑천(상)LPG충전소,대전광역시 대덕구 신대동 426
gs,대리점,강구LPG충전소,경상북도 영덕군 강구면 삼사리 41
gs,대리점,강동LPG충전소,경북 구미시 구평동 152-2
gs,대리점,강동엘피지충전소,서울특별시 송파구 잠실1동 336-9
gs,대리점,강릉 충전소,강원도 강릉시 포남1동 1005-274
gs,대리점,강변LPG충전소,충청남도 공주시 장기면 장암리 418
gs,대리점,강북LPG충전소,경북 칠곡군 동명면 봉암리 554-1
gs,대리점,개인택시복지충전소,울산광역시 북구 진장동 110-3
gs,대리점,거성LPG,전라남도 광양시 광양읍 용강리 230-5
gs,대리점,경서 충전소,"인천광역시 서구 경서동 350-11,12,13"
gs,대리점,경일석유㈜,서울시 서초구 서초동 1307-20 경일빌딩 2층
gs,대리점,경풍충전소,경상북도 칠곡군 왜관읍 금남리 165-5
gs,대리점,고령LPG충전소,경상북도 칠곡군 고령읍 고아리 134-16
gs,대리점,고성LPG충전소,경상남도 고성군 고성읍 이당리 638-811
gs,대리점,고창고인돌(상)LPG충전소,전라북도 고창군 신림면 벽송리 598-5
gs,대리점,공단가스충전소,강원도 동해시 구호동 240
gs,대리점,공항로충전소,서울특별시 강서구 등촌동 269-8
gs,대리점,광산업단지충전소,광주 북구 월충동 산64번지
gs,대리점,광주공항충전소,광주 광산구 우산동 179-9
gs,대리점,광진에너지주식회사,경상남도 진주시 내동면 독산리 582-2
gs,대리점,광천 LPG 충전소,충청남도 홍성군 광천읍 신진리 208-13
gs,대리점,구갈충전소,경기도 용인시 기흥구 구갈동 205-1
gs,대리점,구상에너지㈜,대구광역시 달서구 월암동 1107-2/3
gs,대리점,구성그린LPG충전소,경기도 용인시 처인구 구성면 마북리 502-146
gs,대리점,구이LPG충전소,전라북도 완주군 구이면 항가리 산144-1
gs,대리점,군포충전소,경기도 군포시 부곡동 230-1
gs,대리점,그랑프리충전소,전북 전주시 완산구 상림동 67-28
gs,대리점,그린LPG충전소,전라남도 여수시 여천동 919-1
gs,대리점,극동유화㈜,부산광역시 사상구 감전동 507-13
gs,대리점,금광충전소,경상남도 김해시 풍류동 224-1
gs,대리점,금성LPG충전소,전라남도 고흥군 과역면 석봉리 1238-5
gs,대리점,금촌엘피지(주),경기도 파주시 금촌동 466-114
gs,대리점,금파충전소,경기 김포시 걸포동 390-2
gs,대리점,김천LPG충전소,경상북도 김천시 백옥동 169-1
gs,대리점,나들목충전소,경상북도 김천시 부곡동 491-10
gs,대리점,남경LPG충전소,대구 북구 금호동 219
gs,대리점,남동충전소,인천광역시 남동구 남촌동 211-33
gs,대리점,남산가스,경상북도 경주시 배동 610
gs,대리점,남서울가스,서울특별시 강남구 대치동 21-1
gs,대리점,남선LPG충전소,경기도 수원시 권선구 서둔동 79-25
gs,대리점,남춘천충전소,강원도 춘천시 신동면 정족리 707-5
gs,대리점,내수LPG충전소,충청북도 청원군 내수읍 묵방리 380번지
gs,대리점,내장가스충전소,전라북도 정읍시 금붕동 764-1번지
gs,대리점,뉴서성,대전광역시 대덕구 상서동 441외 3필지
gs,대리점,뉴타운충전소,경기도 고양시 덕양구 지축동 81-12
gs,대리점,늘푸른충전소,경기도 포천시 영중면 성동리 639
gs,대리점,늘푸른충전소(경주),경상북도 경주시 현곡면 라원리 1731-48
gs,대리점,늘푸른충전소(청도),경북 청도군 화양읍 범곡리 392-9
gs,대리점,다부LPG충전소,경상북도 칠곡군 동명면 학명리 665-8외3필지
gs,대리점,다정가스충전소,경상남도 남해군 이동면 초음리 1579-1
gs,대리점,달성LPG충전소,대구광역시 달성군 현풍면 성하리 100외 3필지
gs,대리점,대경LPG가스충전소,경상북도 경산시 와촌면 강학리 484
gs,대리점,대경석유㈜동해(상),강원도 동해시 망상동 산 3-1
gs,대리점,대광엘피지충전소,경상북도 김천시 대광동 869-2
gs,대리점,대구개인택시조합제1 충전소,"대구광역시 수성구 중동 7-1,2"
gs,대리점,대동LPG충전소,경상북도 포항시 남구 효자동 381
gs,대리점,대동가스,광주광역시 서구 매월동 578-1
gs,대리점,대동가스산업（주）,경상남도 거제시 두모동 475-1
gs,대리점,대보유통㈜ 화성(상)충전소,경기도 화성시 팔탄면 덕천리 102-1
gs,대리점,대보유통㈜남성주(마산)충전소,경상북도 성주군 선남면 명포리 880-5
gs,대리점,대보유통㈜단양(부산)주유소,충청북도 단양군 적성면 기동리 산 74-1
gs,대리점,대보유통㈜지리산(옥포)충전소,전라북도 남원시 아영면 아곡리 86-9
gs,대리점,대보유통㈜추풍령(서울)충전소,경상북도 김천시 봉산면 광천리 180-2
gs,대리점,대상LPG충전소,전라남도 여수시 율촌면 취적리 1029-6
gs,대리점,대성산업 경춘충전소,경기도 구리시 인창동 280-3
gs,대리점,대성산업 곤지암충전소,경기도 광주시 실촌읍 삼리 612-8
gs,대리점,대성산업 동부충전소,서울시 성동구 성수동２가 284-108
gs,대리점,대성산업 성남충전소,경기도 성남시 중원구 하대원동 216-15
gs,대리점,대성산업 오류동충전소,서울시 구로구 오류2동 74-8
gs,대리점,대성산업 의정부충전소,경기도 의정부시 의정부3동 385-2
gs,대리점,대성산업㈜,서울 구로구 신도림동 692 디큐브시티 16층
gs,대리점,대성산업㈜ 대성연기충전소,충남 연기군 전의면 유천리 산 85-6
gs,대리점,대성산업㈜ 포항지사,경상북도 포항시 남구 해도동 99-2
gs,대리점,대성산업㈜_대구 가스사업부,대구시 북구 칠성동 2가 67의1
gs,대리점,대성산업㈜구마충전소,대구광역시 달서구 본리동 658-4
gs,대리점,대성산업㈜낙동강충전소,경북 안동시 용상동 1432-2
gs,대리점,대성산업㈜대구석유가스사업부,대구광역시 북구 칠성동 2가 67-1
gs,대리점,대성산업㈜부산대성충전소,부산광역시 사상구 덕포2동 394-4
gs,대리점,대성산업㈜안동지사,경상북도 안동시 남후면 무릉리 209
gs,대리점,대성산업㈜안동충전소,경상북도 안동시 수상동 820-49
gs,대리점,대성산업㈜포항가스충전소,경상북도 포항시 남구 해도동 99-2
gs,대리점,대성석유㈜,충북 제천시 동현동 200-2
gs,대리점,대성석유㈜-서울영업소,서울 강서구 등촌동 684 대성주유소 2층
gs,대리점,대성석유제천충전소,충청북도 제천시 동현동 200-2
gs,대리점,대성지주 죽암(상)충전소,충청북도 청원군 현도면 죽진리 48-1
gs,대리점,대송가스충전소,경상북도 포항시 남구 대송면 제내리 767
gs,대리점,대신석유가스（주）,부산광역시 사하구 신평동 370-53
gs,대리점,대양산업㈜,부산시 동구 범일5동 252
gs,대리점,대양산업㈜-서울지사,서울시 종로구 사직동 262-85
gs,대리점,대양산업㈜대양울산충전소,울산광역시 남구 여천동 1000-1
gs,대리점,대영에너지진천지점,충청북도 진천군 진천읍 상신리 396-15
gs,대리점,대촌LPG충전소,광주광역시 남구 압촌동 354-9외3필지
gs,대리점,대풍엘피가스,경상남도 진주시 가좌동 1011-5
gs,대리점,대한통운㈜,서울시 중구 서소문동 58-12
gs,대리점,대호석유㈜,부산시 남구 용당동 406-16
gs,대리점,동광에너지,충청북도 청주시 흥덕구 지동동 764-5
gs,대리점,동구타이어유류,경기도 이천시 신둔면 용면리 86-1
gs,대리점,동대구가스,대구광역시 수성구 만촌동 416-8
gs,대리점,동산LPG충전소,전라북도 전주시 덕진구 동산동 501-1
gs,대리점,동수원톨게이트충전소,경기도 수원시 팔달구 이의동 432-1
gs,대리점,동아LPG,"경기도 고양시 덕양구 대자동 36, 37"
gs,대리점,동양가스산업(주)기장충전소,부산광역시 기장군 기장읍 청강리 15-1
gs,대리점,동양가스산업㈜초량충전소,부산광역시 동구 초량동 1157-10
gs,대리점,동양산업㈜,인천시 중구 사동 24-10
gs,대리점,동원가스충전소,서울특별시 도봉구 창동 643-2
gs,대리점,동일유업(주)모현충전소,전북 익산시 모현동2가 22-6
gs,대리점,동일유업㈜,전북 익산시 동산동 602-1
gs,대리점,동일유업㈜동산충전소,전라북도 익산시 동산동 1003-1
gs,대리점,동진가스,경상남도 산청군 신안면 하정리 651-3
gs,대리점,동진충전소,경상북도 영주시 상망동 625-17
gs,대리점,동탄뉴타운충전소,경기도 화성시 동탄면 장지리 194-5
gs,대리점,동학사충전소,대전광역시 유성구 갑동 403-1
gs,대리점,동홍충전소,제주 서귀포시 동홍동 1706
gs,대리점,동화가스（주）,광주광역시 북구 각화동 208-1
gs,대리점,동화가스（주）여수직매장,전라남도 여수시 연등동 716-2
gs,대리점,두성식품㈜함양휴게소,경남 함양군 지곡면 보산리 산110-1
gs,대리점,두원에너지,경기도 화성군 비봉면 쌍학리 304
gs,대리점,마라톤가스 주식회사,부산 사하구 장림동 1046
gs,대리점,마라톤가스㈜,부산광역시 사상구 삼락동 361-2
gs,대리점,만남의충전소,경기도 연천군 전곡읍 전곡리 159-4
gs,대리점,만남의충전소,전라북도 전주시 덕진구 호성동1가 428외3필지
gs,대리점,만남충전소,경상남도 김해시 풍류동 707-1/707-11
gs,대리점,만사형통충전소,충북 충주시 금릉동 421-1
gs,대리점,만천LPG충전소,강원도 춘천시 동면 만천리 505
gs,대리점,만화가스충전소,부산광역시 기장군 기장읍 만화리 331-1
gs,대리점,매일가스충전소,광주광역시 북구 용전동 1223-7외1필지
gs,대리점,명성에너지,경상남도 진주시 성평동 231-8
gs,대리점,명품충전소,경기도 파주시 적성면 마지리115
gs,대리점,목천IC충전소,충남 천안시 동남구 목천읍 운전리402-27
gs,대리점,무주엘피지충전소,전라북도 무주군 무주읍 오산리 877-1
gs,대리점,문의IC LPG충전소,충북 청원군 문의면 남계리 179-14/18
gs,대리점,문화가스충전소,경상북도 구미시 원평동 535-10
gs,대리점,반월가스공업,경기도 안산시 상록구 사사동 142-1
gs,대리점,반월성가스충전소,경기도 이천시 설성면 제요리 산526-4
gs,대리점,발안LPG충전소(주)대야에너지,경기도 화성군 향남면 발안리 27-31
gs,대리점,방동엘피지충전소,대전 유성구 방동 474-4
gs,대리점,백야충전소,충청남도 홍성군 갈산면 상촌리 405-2
gs,대리점,백제가스,전라남도 장성군 장성읍 영천리 1496-1
gs,대리점,보령가스충전소,충청남도 보령시 명천동 624-1
gs,대리점,보령물산(주)황간하충전소,충청북도 영동군 황간면 회포리 산1-9
gs,대리점,보성가스충전소,경상남도 진주시 이현동 686-1외5필지
gs,대리점,복지신정충전소,서울특별시 양천구 신정동162-19외 2필지
gs,대리점,부일석유㈜,부산시 해운대구 우1동 1434 선프라자 6층 612호
gs,대리점,부평로충전소,인천광역시 부평구 갈산동 185-10
gs,대리점,북수원톨게이트충전소,경기도 수원시 장안구 파장동 170-1외
gs,대리점,북이천충전소,경기도 이천시 관고동107
gs,대리점,분당GS충전소,경기도 성남시 분당구 궁내동 302-8
gs,대리점,비봉충전소,경기도 안성시 죽산면 장능리 산 6
gs,대리점,비케이에너지㈜동양가스충전소,부산광역시 북구 덕천동 547-2
gs,대리점,삼경가스（주）,대전광역시 중구 산성동 166-1
gs,대리점,삼경석유㈜대경가스충전소,경기도 화성시 송산면 삼존리 773 775-1/ 775-2
gs,대리점,삼광충전소,제주특별자치도 제주시 화북2동 3255-1
gs,대리점,삼남석유㈜,제주 제주시 용담1동 265-4
gs,대리점,삼랑진충전소,경남 밀양시 삼랑진읍 송지리 596
gs,대리점,삼상가스,경기도 평택시 세교동 447-1
gs,대리점,삼선가스（주）,충청북도 청주시 사창동 144-3
gs,대리점,삼영가스（주）,충청북도 청주시 용암동 681-3
gs,대리점,삼표에너지 삼표충전소,경기도 하남시 감북동 446-1
gs,대리점,삼표에너지 안양충전소,경기도 안양시 만안구 안양동 206-7
gs,대리점,삼호에너지,전라남도 영암군 삼호면 서창리 161-3
gs,대리점,상동성민충전소,경상남도 김해시 상동면 우계리 717-1
gs,대리점,상명에너지,전라북도 군산시 개정동 60-2
gs,대리점,상일충전소,서울특별시 강동구 상일동 443-5/443-7
gs,대리점,새동래충전소,부산광역시 연제구 거제1동 152-9
gs,대리점,새만금충전소,"전라북도 군산시 지곡동 2-6,7"
gs,대리점,새한가스,경기도 광주시 역동 산5-4
gs,대리점,샛별LPG충전소,경북 김천시 아포읍 아포대로 696
gs,대리점,서대산충전소,충남 금산 추부면 마전리 77-2
gs,대리점,서운가스충전소,인천광역시 계양구 서운동 149-6
gs,대리점,서울가스,인천 서구 가좌동 158-5
gs,대리점,서울개인택시조합 복지노원충전,서울 노원구 상계동 1205-4
gs,대리점,서일석유㈜,경기도 안양시 동안구 호계3동 966-24
gs,대리점,서일석유㈜ 기흥서일충전소,경기 용인시 기흥구 신갈동 357-2
gs,대리점,서일석유㈜ 비봉서일충전소,경기 화성시 비봉면 양노리 41-3
gs,대리점,서창LPG충전소,전라남도 영암군 삼호면 망산리 4-7
gs,대리점,서청주가스㈜,충북 청주시 흥덕구 향정동 85-1
gs,대리점,서해가스충전소,경기도 부천시 원미구 약대동 7-2외
gs,대리점,서흥엘피지,경상남도 사천시 축동면 배춘리 799-6
gs,대리점,성원이앤에스충전소,경기도 안성시 대덕면 모산리 359-19
gs,대리점,성일아스콘(주) 주유충전소,경기도 평택시 청룡동 40-1
gs,대리점,성환충전소,충청남도 천안시 성환읍 매주리 45
gs,대리점,세량LPG충전소,전남 화순군 화순읍 세량리 558-2
gs,대리점,세일가스,대전광역시 중구 옥계동 17-1
gs,대리점,세진에너지(주)보라지에스주유충,"경기도 용인시 기흥읍 보라리 376-6,12,15"
gs,대리점,세진에너지(주)월곶신도시주유충,경기도 시흥시 정왕동 1773
gs,대리점,세진에너지㈜안산느티나무충전소,"경기 안산시 선부동 169,170"
gs,대리점,소양엘피지(LPG)충전소,전라북도 완주군 소양면 황운리 804-12
gs,대리점,송리원충전소,경상북도 영주시 이산면 운문리 43-1
gs,대리점,송산가스충전소,충청북도 증평군 증평읍 송산리 84-1
gs,대리점,송월개발주식회사,경기도 수원시 권선구 서둔동 9-17
gs,대리점,송은LPG충전소,강원도 강릉시 사천면 미노리 443-1
gs,대리점,수안엘피지충전소,경기도 수원시 장안구 파장동 43-1
gs,대리점,시화충전소,경기도 시흥시 정왕동 1112
gs,대리점,신갈톨게이트엘피지충전소,경기도 용인시 처인구 기흥읍 영덕리 산 5-1
gs,대리점,신내충전소,서울특별시 중랑구 신내동 359-6
gs,대리점,신대한LPG,대구광역시 서구 평리동 1403-1
gs,대리점,신문혜충전소,강원도 철원군 갈말읍 문혜리 434-12
gs,대리점,신세기충전소,경상북도 성주군 선남면 도성리 803-1
gs,대리점,신안LPG충전소,충청남도 연기군 조치원읍 신안리 86-4
gs,대리점,신월lpg충전소,충청북도 제천시 신월동 769-1
gs,대리점,신일충전소,경기 수원시 권선구 탑동 452-1
gs,대리점,신창LPG충전소,광주광역시 광산구 신창동 1086-5
gs,대리점,신통영가스충전소,경남 통영시 용남면 원평리 779-225
gs,대리점,신한에너지,경기 용인시 처인구 삼가동 39-7
gs,대리점,신협제2LPG충전소,전라북도 전주시 덕진구 팔복동2가 10-1
gs,대리점,신화에너지 송능충전소,경기도 남양주시 진건읍 송능리 산23-5
gs,대리점,신흥가스충전소(보성),전라남도 보성군 보성읍 보성리 342번지
gs,대리점,썬LPG충전소,경기도 고양시 덕양구 화전동 757-6
gs,대리점,아산둔포충전소,충청남도 아산시 둔포면 둔포리 344
gs,대리점,안동하충전소,경상북도 안동시 풍산읍 계평리 산133-4
gs,대리점,안성맞춤(음성방향)충전소,경기 안성시 서운면 신능리 51-11
gs,대리점,안성맞춤(평택방향)충전소,경기 안성시 서운면 신능리 51-16
gs,대리점,안성맞춤LPG충전소,경기 안성시 당왕동 269-3
gs,대리점,암사충전소,서울특별시 강동구 암사 503의 30
gs,대리점,얀텍스산업(주)천안하충전소,충청남도 천안시 수신면 신풍리 348
gs,대리점,양덕스마일충전소,경북 포항시 북구 양덕동 824-1
gs,대리점,양산IC,경남 양산시 상북면 소토리 507-7
gs,대리점,양원리충전소,경기도 연천군 전곡읍 양원리 488-2
gs,대리점,양지충전소,광주광역시 광산구 소촌동 756-13
gs,대리점,에스제이상사국제충전소,전라북도 군산시 나운동 328-2
gs,대리점,에스제이상사군산공단충전소,전라북도 군산시 산북동 1363
gs,대리점,에이펙스충전소,경기도 용인시 처인구 이동면 송전리 산38-3
gs,대리점,여천가스충전소,전라남도 여수시 시전동 1112외 1필지
gs,대리점,연세에너지㈜법원충전소,경기도 파주시 법원읍 법원리 402-34
gs,대리점,연안가스,충청북도 보은군 보은읍 학림리 314
gs,대리점,영덕엘피지,경기도 용인시 처인구 기흥읍 영덕리 175-1
gs,대리점,영성LPG충전소,경상남도 사천시 정동면 고읍리 602-13
gs,대리점,영주가스충전소,경상북도 영주시 휴천1동 707-3
gs,대리점,영창가스충전소,경상남도 합천군 합천읍 영창리 467-12
gs,대리점,예산(당진방향)충전소,충남 예산군 신양면 서계양리 676-2
gs,대리점,예산(대전방향)충전소,충남 예산군 신양면 서계양리 663-3
gs,대리점,오람충전소,경기도 화성시 향남면 장짐리 85-16
gs,대리점,오생LPG충전소,충청북도 음성군 생극면 오생리 50-10
gs,대리점,오성가스충전소,경상북도 구미시 공단동 208
gs,대리점,오송LPG충전소,전북 전주시 덕진구 송천동2가 1202-2
gs,대리점,오일석유(주) 언양(상)충전소,울산광역시 울주군 언양읍 반곡리 966-8
gs,대리점,오창에너지(주),충북 청원군 오창읍 일신리 17-1
gs,대리점,오천LPG충전소,경상북도 포항시 남구 오천읍 구정리 275-8
gs,대리점,옥계LPG충전소,경상북도 구미시 옥계동 457- 7
gs,대리점,옥천LPG충전소,전라남도 구례군 구례읍 원방리 44-1
gs,대리점,옥천엘피지충전소,경상남도 하동군 고전면 신월리 산 118-4
gs,대리점,온양LPG충전소,울산광역시 울주군 온양읍 망양리 640
gs,대리점,용강LPG,경상북도 경주시 용강동 434
gs,대리점,용두엘피지충전소,경상북도 안동시 무릉리 522-1
gs,대리점,용이충전소,경북 상주시 낙동면 구잠리 512
gs,대리점,우리유통㈜여산(상)주유소-LPG,전라북도 익산시 여산면 호산리 210-8
gs,대리점,우리충전소,충북 제천시 산곡동 산42-3
gs,대리점,우일에너지 (주),서울특별시 성북구 하월곡동 88-681
gs,대리점,우주충전소,전라남도 고흥군 두원면 용반리 산 295-6
gs,대리점,울산가스충전소,울산광역시 울주군 언양읍 직동리 182-1
gs,대리점,원더풀 충전소,강원도 삼척시 오분동 126-3
gs,대리점,유양에너지,경기도 양주시 유양동 698-11
gs,대리점,유한회사동양엘피지,전라남도 순천시 가곡동 976-3
gs,대리점,융진상사,강원도 원주시 단계동 198-2
gs,대리점,익산LPG(한성),전라북도 익산시 금강동 951-3
gs,대리점,일진LPG충전소,전라북도 전주시 완산구 중인동 126
gs,대리점,임진강에너지,경기도 파주시 탄현면 낙하리 182-6/8
gs,대리점,장기충전소,인천 계양구 장기동 104-1
gs,대리점,장안동가스,서울특별시 동대문구 장안동 413-2
gs,대리점,장유LPG충전소,경상남도 김해시 장유 부곡 192
gs,대리점,전인석유㈜,전북 전주시 덕진구 팔복동 4가 160-1
gs,대리점,전주개인택시신용협동조합LPG충,전라북도 전주시 효자동 3가 844-3
gs,대리점,전주평화LPG충전소,전라북도 전주시 평화동3가 331-1
gs,대리점,정관가스충전소,부산광역시 기장군 정관 예림 329-4
gs,대리점,정림가스,대전광역시 서구 정림동 293-10
gs,대리점,정선LPG충전소,강원도 정선군 문곡리 32-1
gs,대리점,정읍휴게소(하),전라북도 정읍시 북면 남산리 산 19-1외 8필지
gs,대리점,제이에너지㈜,대전광역시 유성구 봉산동 615(봉산저유소 내)
gs,대리점,제일가스,충청남도 아산시 방축동 141-12
gs,대리점,제일가스충전소,전라북도 부안군 행안면 진동리 314-1
gs,대리점,제주GS충전소,제주특별자치도 제주시 도평동 136
gs,대리점,조은충전소,경남 함안군 산인면 신산리 169-3 외 3필지
gs,대리점,주식회사 대야엘피지충전소,경기도 군포시 대야미동 266-12
gs,대리점,주식회사 원경,강원도 속초시 조양동 1288-12
gs,대리점,주식회사 학교산업지점,전라남도 함평군 학교면 사거리 494-3
gs,대리점,주포LPG충전소,전라남도 함평군 함평읍 진량리 290-1
gs,대리점,중도가스 대전충전소,대전광역시 동구 대성동 206-1
gs,대리점,중도가스 사직충전소,충북 청주시 흥덕구 신봉동 57
gs,대리점,중도가스 서대전충전소,대전광역시 중구 오류동 182-10
gs,대리점,중도가스 천안충전소,충남 천안시 두정동 114-7
gs,대리점,중도가스 청주충전소,충청북도 청주시 흥덕구 복대동 498-1
gs,대리점,중도석유(주)옥산하충전소,충청북도 청원군 옥산면 오산리 556-13
gs,대리점,중도석유㈜,대전광역시 서구 도마2동 191-1
gs,대리점,중도오산충전소,경기 평택시 진위면 동천리 606
gs,대리점,중문관광단지충전소,제주 서귀포시 상예동 260
gs,대리점,지에스부평충전소,인천 부평구 청천동 400-6
gs,대리점,진도엘피지,전라남도 진도군 진도읍 동외리 1083
gs,대리점,진동가스충전소,경상남도 마산시 진북면 지산리 304-1
gs,대리점,진안상충전소,전라북도 진안군 진안읍 단양리 171-110
gs,대리점,진영충전소,충청북도 청원군 문의면 남계 155-1
gs,대리점,진주개인택시운영회,경상남도 진주시 초전동 1098
gs,대리점,차사랑LPG충전소,전라남도 화순군 화순읍 연양리 266-1
gs,대리점,창림에너지,경기도 동두천시 상봉암동 154-1
gs,대리점,창림에너지-동두천 충전소,경기도 동두천시 지행동 406-1
gs,대리점,창성가스충전소,대전광역시 서구 가장동 31-4
gs,대리점,창연엘피지충전소,충청남도 계룡시 엄사면 엄사리 447-7
gs,대리점,천관산LPG충전소,전라남도 장흥군 용산면 녹원리 152-2
gs,대리점,천안IC충전소,충청남도 천안시 신부동 172-6
gs,대리점,철강공단충전소,경상북도 포항시 남구 호동 627-1
gs,대리점,청강,부산광역시 기장군 기장읍 538-1외 4필지
gs,대리점,청라충전소,인천 서구 가좌동 602-24/81/83
gs,대리점,청량 가스,울산광역시 울주군 청량면 동천리 199-2
gs,대리점,청북가스충전소,경기도 평택시 청북면 후사리 265-35
gs,대리점,청심엔지니어링㈜서서울충전소,경기도 고양시 일산서구 덕이동1185-1
gs,대리점,충주엄정충전소,충청북도 충주시 엄정면 율능리 12-3
gs,대리점,캐피탈 충전소,경기도 화성시 향남면 동오리 산 205-2
gs,대리점,키다리식품(주)정안(상)충전소,충청남도 공주시 정안면 장원리 507-9
gs,대리점,태백가스,강원도 태백시 문곡동 16-6 10-1
gs,대리점,태양LPG충전소,경상북도 칠곡군 왜관읍 삼청리 943 외 3필지
gs,대리점,"태양주유소,LPG충전소",충남 천안시 서북구 업성동 484-8외3
gs,대리점,태일가스충전소,경상남도 진주시 장재동 산20-1
gs,대리점,태흥LPG,충청북도 진천군 문백면 태락리 114-3외 4필지
gs,대리점,통도IC충전소,울산광역시 울주군 삼남면 방기리 241-3
gs,대리점,통일로내유가스충전소,경기도 고양시 덕양구 내유동481-5
gs,대리점,특별한충전소,전라남도 화순군 화순읍 대리 53-4
gs,대리점,파워LPG충전소,전라북도 전주시 덕진구 송천동2가 69-47
gs,대리점,팔봉가스,전라북도 익산시 팔봉 368-8
gs,대리점,팔성가스,부산광역시 사상구 감전동 136-13
gs,대리점,평동LPG충전소,경기도 수원시 권선구 평동 56-1
gs,대리점,평택항이엔에스,경기도 평택시 포승면 도곡리 148-520
gs,대리점,평화LPG충전소,경기 안성시 공도읍 승두리 593-6/7/12
gs,대리점,포항IC충전소 ㈜신일,경상북도 포항시 북구 흥해읍 대련리 333-1
gs,대리점,포항이동IC충전소,경북 포항시 남구 이동 535
gs,대리점,풍림에너지,서울특별시 중랑구 면목5동 169-6
gs,대리점,하늘땅LPG충전소,경기도 포천시 내촌면 소학리 1-3
gs,대리점,하슬라충전소,강원도 강릉시 모전리 124-11
gs,대리점,한국도로공사 문경(양평방향)주,경상북도 문경시 유곡동 460번지
gs,대리점,한국도로공사 백양사(논산) 주유,전라남도 장성군 북일면 박산리 156-4
gs,대리점,한국정보통신㈜,충청남도 당진군 합덕읍 소소리 1-111
gs,대리점,한미-삼미충전소,경기도 오산시 내삼미동 587외4
gs,대리점,한영충전소,서울 도봉구 쌍문동 715-1
gs,대리점,한일에너지,경남 사천시 곤명면 신흥리 17-1
gs,대리점,함평나비중앙충전소,전라남도 함평군 해보면 해보리 212-33
gs,대리점,해남가스,전라남도 해남군 해남읍 용정리 44-1
gs,대리점,해뜨는충전소,경기 화성시 봉담읍 상리 36
gs,대리점,해안로충전소,경기 안산시 상록구 사동 1640-6
gs,대리점,행복이가득한충전소,경기도 수원시 권선구 구운동 681-1
gs,대리점,행복한충전소,전북 김제시 금구면 용지리 10-3
gs,대리점,현풍충전소,대구광역시 달성군 현풍면 성하기 716-1
gs,대리점,호동제1충전소,경상북도 경산시 진량읍 선화리 717-1
gs,대리점,화왕산충전소,경남 창녕군 도천면 논리 650-6
gs,대리점,화전LPG충전소,경기도 고양시 덕양구 화전동 732/735
gs,대리점,흥구석유 원대충전소,대구시 북구 노원동3가 636
gs,대리점,흥구석유 포항충전소,경북 포항시 해도동 72-1
gs,대리점,흥구석유㈜,대구광역시 중구 동인동1가 357
gs,대리점,흥구석유㈜ 영주영업소,경상북도 영주시 휴천3동 686
gs,대리점,흥업충전소,강원도 원주시 흥업면 흥업리 609-4
gs,대리점,희망LPG충전소,충남 서산 갈산동 157-13
gs,대리점,（유）영동충전소,충청북도 영동군 영동읍 설계리 635
gs,대리점,（유）이리가스,전라북도 익산시 신흥동 856-4
gs,대리점,（주）강릉개인택시충전소,강원도 강릉시 두산동 228-3
gs,대리점,（주）창원충전소,경상남도 창원시 팔용동 39-12
gs,대리점,（합）서천엘피지,충청남도 서천군 서천읍 삼산리 788-6
s-oil,공장,공장,울산광역시 울주국 온산읍 산암리 360
s-oil,저유소,군산저유소,전북 군산시 소룡동 1-10
s-oil,저유소,영천저유소,경북 영천시 대창면 구지리 1123-1
s-oil,저유소,인천저유소,인천 중구 항동7가 70
s-oil,저유소,제주저유소,제주 제주시 건입동 908
s-oil,대리점,㈜ 대경아스팔트,서울 강남구 대치4동 889-5(상제리제 A동1514호)
s-oil,대리점,㈜ 삼 천 화 성,경기도 화성시 반송동 93-3(동양파라곤102-442)
s-oil,대리점,㈜대하상사,대구광역시 북구 노원3가 34-11
s-oil,대리점,㈜동 남 유 화,서울 강남구 대치3동 1001-10 동남유화 B/D
s-oil,대리점,㈜미래아스팔트,서울 송파 신천동 더샆스타리버 102-234
s-oil,대리점,㈜삼광에너지,부산광역시 강서구 대저2동 1997
s-oil,대리점,㈜세종코퍼레이션,서울 영등포구 여의도동 44-27 하남빌딩 1001
s-oil,대리점,㈜에스에이씨,대구광역시 남구 대명9동 493-12
s-oil,대리점,㈜한라석유,제주시 건입동 908
s-oil,대리점,㈜한진,서울시 중구 봉래동 1가 132-4 한일빌딩 1층
s-oil,대리점,남선석유㈜,광주광역시 동구 용산동 297
s-oil,대리점,동광유업㈜,서울시 영등포구 여의도동 34-2 부국증권 B/D 7층
s-oil,대리점,쌍용양회㈜,서울시 중구 저동2가 24-1 쌍용빌딩5층
s-oil,대리점,씨엔에스에너지㈜,서울시 마포구 공덕동 252-5 태영빌딩 12층
s-oil,대리점,에이피플라자㈜,서울 영등포구 여의도동 43 미원빌딩 509
s-oil,대리점,오 엘 텍 ㈜,서울 서초구 양재2동 275-4 트윈타워 B동 619호
hd,공장,본사(공장),충청남도 서산시 대산읍 대죽리 640-6
hd,저유소,군산저유소,전북 군산시 소룡동 1-10
hd,저유소,대구저유소,대구시 북구 노원3가 602
hd,저유소,목포저유소,전남 영암군 삼호읍 나불리 330-2 대불공단 2-16블록
hd,저유소,부산저유소,부산광역시 남구 감만동 254-11
hd,저유소,안동저유소,경북 안동시 와룡면 서지리 290-1
hd,저유소,여주저유소,경기도 여주군 여주읍 연라리 166-3
hd,저유소,영남화력,울산광역시 남구 매암동 29
hd,저유소,오드펠저유소,울산광역시 울주군 온산면 처용리 136
hd,저유소,옥계저유소,강릉시 옥계면 주수2리 560
hd,저유소,인천저유소,인천시 서구 원창동 379
hd,저유소,제주저유소,제주도 북제주군 애월읍 고내리 1260-1
